{
    "Accuracy": 0.9462431276725718,
    "Precision": 0.845360824742268,
    "Recall": 0.7387387387387387
}
