{
    "Accuracy": 0.9500454132606722,
    "Precision": 0.8976377952755905,
    "Recall": 0.7307692307692307
}
